N	Id	Description	Localization	         Method	Threshold	Avg Score	Cover	Epitope	Start	End	N-Glyc	N-Glyc-Count	N-Glyc-Motifs	Length	kDa	I.P	Avg Hydropathy	Avg Cover
1	Q9KKQ7	Q9KKQ7	CytoplasmicMembrane	   BepiPred-3.0	0.15	0.21	-	NDDRYEVQQP	491	501	N	0	-	10	1.26	4.03	-2.42	0.84
				          Emini	1.00	3.40	1.00	EEEEEEEEEE         	
				       Kolaskar	1.04	1.02	0.40	......EEEE         	
				    Chou Fosman	0.93	1.03	0.90	EEEEEEEEE.         	
				 Karplus Schulz	0.98	1.01	1.00	EEEEEEEEEE         	
				         Parker	0.64	3.73	0.90	EEEEEEEEE.         	
				    All matches	-	-	0.30	......EEE.         	
				         N-Glyc	-	-	0.00	..........         	
				     Hydropathy	-	-2.42	-	------+---         	
2	Q9KNN1	Q9KNN1	CytoplasmicMembrane	   BepiPred-3.0	0.15	0.21	-	STQTTLPQTDN	168	179	N	0	-	11	1.21	3.80	-1.40	0.80
				          Emini	1.00	2.68	1.00	EEEEEEEEEEE         	
				       Kolaskar	1.06	0.97	0.00	...........         	
				    Chou Fosman	0.94	1.09	1.00	EEEEEEEEEEE         	
				 Karplus Schulz	0.98	1.08	1.00	EEEEEEEEEEE         	
				         Parker	0.19	4.06	1.00	EEEEEEEEEEE         	
				    All matches	-	-	0.00	...........         	
				         N-Glyc	-	-	0.00	...........         	
				     Hydropathy	-	-1.40	-	-----+-----         	
3	Q9KNE5	Q9KNE5	CytoplasmicMembrane	   BepiPred-3.0	0.15	0.22	-	QPAYYQPQRE	992	1002	N	0	-	10	1.28	6.00	-2.25	0.80
				          Emini	1.00	2.62	1.00	EEEEEEEEEE         	
				       Kolaskar	1.03	1.06	0.70	EEEEEE..E.         	
				    Chou Fosman	0.96	1.03	0.80	EEEEEEEE..         	
				 Karplus Schulz	1.00	1.01	0.60	E....EEEEE         	
				         Parker	1.36	2.44	0.90	.EEEEEEEEE         	
				    All matches	-	-	0.10	.....E....         	
				         N-Glyc	-	-	0.00	..........         	
				     Hydropathy	-	-2.25	-	--+-------         	
4	Q84I33	Q84I33	CytoplasmicMembrane	   BepiPred-3.0	0.15	0.22	-	DGDSMESEPPL	725	736	N	0	-	11	1.18	3.43	-1.23	0.78
				          Emini	1.00	1.55	0.91	EEEEEEEE.EE         	
				       Kolaskar	1.03	0.96	0.27	........EEE         	
				    Chou Fosman	0.95	1.12	1.00	EEEEEEEEEEE         	
				 Karplus Schulz	0.99	1.05	1.00	EEEEEEEEEEE         	
				         Parker	1.22	3.47	0.73	EEEEEEEE...         	
				    All matches	-	-	0.00	...........         	
				         N-Glyc	-	-	0.00	...........         	
				     Hydropathy	-	-1.23	-	----+-----+         	
5	Q9KNE5	Q9KNE5	CytoplasmicMembrane	   BepiPred-3.0	0.15	0.23	-	KPGNVSPKNH	643	653	Y	1	NVS[4:6]	10	1.08	10.00	-1.82	0.78
				          Emini	1.00	1.44	0.80	E.E.EEEEEE         	
				       Kolaskar	1.03	1.01	0.20	..E....E..         	
				    Chou Fosman	0.96	1.17	1.00	EEEEEEEEEE         	
				 Karplus Schulz	1.00	1.03	0.90	EEEEEEEEE.         	
				         Parker	1.36	3.02	1.00	EEEEEEEEEE         	
				    All matches	-	-	0.20	..E....E..         	
				         N-Glyc	-	-	0.30	...EEE....         	
				     Hydropathy	-	-1.82	-	----+-----         	
6	Q9KNC5	Q9KNC5	CytoplasmicMembrane	   BepiPred-3.0	0.15	0.23	-	WRVNSSGEQV	253	263	Y	1	NSS[4:6]	10	1.16	6.00	-0.95	0.76
				          Emini	1.00	1.65	0.90	EEEEEEEEE.         	
				       Kolaskar	1.07	1.02	0.10	.........E         	
				    Chou Fosman	0.89	1.11	1.00	EEEEEEEEEE         	
				 Karplus Schulz	0.97	1.04	0.80	..EEEEEEEE         	
				         Parker	-1.21	2.65	1.00	EEEEEEEEEE         	
				    All matches	-	-	0.00	..........         	
				         N-Glyc	-	-	0.30	...EEE....         	
				     Hydropathy	-	-0.95	-	--+------+         	
7	Q84I33	Q84I33	CytoplasmicMembrane	   BepiPred-3.0	0.15	0.21	-	HFEPQVEPKVELKPEPPRQREPAPH	270	295	N	0	-	25	2.97	6.06	-1.68	0.74
				          Emini	1.00	2.53	0.84	...EEEEEEEEEEEEEEEEEEEE.E         	
				       Kolaskar	1.03	1.03	0.48	..EEE.EEEEEEE..........EE         	
				    Chou Fosman	0.95	1.00	0.68	EE...EE...E..EEEEEEEEEEEE         	
				 Karplus Schulz	0.99	1.03	0.80	...EEEEEEEEEEEEEEEEEEEE..         	
				         Parker	1.22	2.52	0.88	.E.EEEEE.EEEEEEEEEEEEEEEE         	
				    All matches	-	-	0.08	......E...E..............         	
				         N-Glyc	-	-	0.00	.........................         	
				     Hydropathy	-	-1.68	-	-+---+---+-+----------+--         	
8	Q9KNE5	Q9KNE5	CytoplasmicMembrane	   BepiPred-3.0	0.15	0.20	-	SNPNQAAKTGQTNDAQNP	1	19	N	0	-	18	1.86	5.55	-1.79	0.72
				          Emini	1.00	1.67	0.94	.EEEEEEEEEEEEEEEEE         	
				       Kolaskar	1.03	0.84	0.00	..................         	
				    Chou Fosman	0.96	1.00	0.89	..EEEEEEEEEEEEEEEE         	
				 Karplus Schulz	1.00	0.95	0.89	..EEEEEEEEEEEEEEEE         	
				         Parker	1.36	4.51	0.89	..EEEEEEEEEEEEEEEE         	
				    All matches	-	-	0.00	..................         	
				         N-Glyc	-	-	0.00	..................         	
				     Hydropathy	-	-1.79	-	-----++-------+---         	
9	Q9KNE5	Q9KNE5	CytoplasmicMembrane	   BepiPred-3.0	0.15	0.18	-	CTPSLPVEKSEE	205	217	N	0	-	12	1.32	4.25	-0.78	0.68
				          Emini	1.00	1.22	0.42	.......EEEEE         	
				       Kolaskar	1.03	1.05	0.58	.EEEEEEE....         	
				    Chou Fosman	0.96	1.01	0.58	EEEEEEE.....         	
				 Karplus Schulz	1.00	1.03	0.92	EEEEE.EEEEEE         	
				         Parker	1.36	3.14	0.92	EEE.EEEEEEEE         	
				    All matches	-	-	0.00	............         	
				         N-Glyc	-	-	0.00	............         	
				     Hydropathy	-	-0.78	-	+---+-+-----         	
10	Q9KU86	Q9KU86	CytoplasmicMembrane	   BepiPred-3.0	0.15	0.19	-	REPAGWGEQSKTPSAPE	603	620	N	0	-	17	1.83	4.79	-1.62	0.68
				          Emini	1.00	1.54	0.53	..E....EEEEEEE.E.         	
				       Kolaskar	1.01	0.98	0.29	EE............EEE         	
				    Chou Fosman	0.95	1.08	0.82	..EEEEEEEEEEEEEE.         	
				 Karplus Schulz	1.00	1.05	0.94	EEEE.EEEEEEEEEEEE         	
				         Parker	1.64	3.35	0.82	...EEEEEEEEEEEEEE         	
				    All matches	-	-	0.06	...............E.         	
				         N-Glyc	-	-	0.00	.................         	
				     Hydropathy	-	-1.62	-	---+----------+--         	
11	Q60153	Q60153	Extracellular	   BepiPred-3.0	0.15	0.21	-	KKKFVKEEHDKK	8	20	N	0	-	12	1.54	9.70	-2.51	0.67
				          Emini	1.00	3.62	1.00	EEEEEEEEEEEE         	
				       Kolaskar	1.03	0.99	0.25	EEE.........         	
				    Chou Fosman	0.94	0.90	0.33	........EEEE         	
				 Karplus Schulz	0.99	1.04	1.00	EEEEEEEEEEEE         	
				         Parker	1.49	3.13	0.75	...EEEEEEEEE         	
				    All matches	-	-	0.00	............         	
				         N-Glyc	-	-	0.00	............         	
				     Hydropathy	-	-2.51	-	---++-------         	
12	Q9KNN1	Q9KNN1	CytoplasmicMembrane	   BepiPred-3.0	0.15	0.24	-	EPYHDEFFGD	95	105	N	0	-	10	1.26	3.91	-1.49	0.66
				          Emini	1.00	1.88	0.60	EEEEE.E...         	
				       Kolaskar	1.06	1.00	0.00	..........         	
				    Chou Fosman	0.94	1.03	0.80	EEEEEEEE..         	
				 Karplus Schulz	0.98	1.01	1.00	EEEEEEEEEE         	
				         Parker	0.19	2.12	0.90	EEEEEEEEE.         	
				    All matches	-	-	0.00	..........         	
				         N-Glyc	-	-	0.00	..........         	
				     Hydropathy	-	-1.49	-	------++--         	
13	Q9KNU5	Q9KNU5	CytoplasmicMembrane	   BepiPred-3.0	0.15	0.24	-	GGEWSSDTGWN	661	672	N	0	-	11	1.20	3.67	-1.44	0.64
				          Emini	1.00	0.90	0.27	...EE..E...         	
				       Kolaskar	1.02	0.90	0.00	...........         	
				    Chou Fosman	0.97	1.27	1.00	EEEEEEEEEEE         	
				 Karplus Schulz	1.00	1.05	1.00	EEEEEEEEEEE         	
				         Parker	1.47	3.38	0.91	.EEEEEEEEEE         	
				    All matches	-	-	0.00	...........         	
				         N-Glyc	-	-	0.00	...........         	
				     Hydropathy	-	-1.44	-	-----------         	
14	P45782	P45782	CytoplasmicMembrane	   BepiPred-3.0	0.15	0.27	-	PDKQKIPTVTY	299	310	N	0	-	11	1.29	8.90	-1.09	0.64
				          Emini	1.00	1.73	0.55	EEEEE.....E         	
				       Kolaskar	1.05	1.04	0.55	.....EEEEEE         	
				    Chou Fosman	0.93	0.98	0.64	EEEEE..E.E.         	
				 Karplus Schulz	0.99	1.04	0.82	EEEEEEEEE..         	
				         Parker	0.95	1.52	0.64	EEEEEEE....         	
				    All matches	-	-	0.00	...........         	
				         N-Glyc	-	-	0.00	...........         	
				     Hydropathy	-	-1.09	-	-----+--+--         	
15	Q84I33	Q84I33	CytoplasmicMembrane	   BepiPred-3.0	0.15	0.19	-	VQKAVNLPKPTEPM	453	467	N	0	-	14	1.55	8.56	-0.56	0.61
				          Emini	1.00	1.50	0.57	......EEEEEEEE         	
				       Kolaskar	1.03	1.04	0.57	EEEEEEEE......         	
				    Chou Fosman	0.95	0.99	0.71	....EEEEEEEEEE         	
				 Karplus Schulz	0.99	1.02	0.57	......EEEEEEEE         	
				         Parker	1.22	1.35	0.64	....EE.EEEEEEE         	
				    All matches	-	-	0.07	.......E......         	
				         N-Glyc	-	-	0.00	..............         	
				     Hydropathy	-	-0.56	-	+--++-+------+         	
16	Q9KQE7	Q9KQE7	CytoplasmicMembrane	   BepiPred-3.0	0.15	0.22	-	KKTHAPLQYSQEQKQGSD	141	159	N	0	-	18	2.07	8.44	-1.99	0.61
				          Emini	1.00	1.85	0.67	EEE....EEEEEEEEE..         	
				       Kolaskar	1.03	0.90	0.39	...EEEEEEE........         	
				    Chou Fosman	0.95	0.90	0.72	..EE.EEEEEEEEEEE..         	
				 Karplus Schulz	1.00	0.86	0.50	EEE......EEEEEE...         	
				         Parker	1.20	3.23	0.78	EEEEE..EEEEEEEEE..         	
				    All matches	-	-	0.06	.........E........         	
				         N-Glyc	-	-	0.00	..................         	
				     Hydropathy	-	-1.99	-	----+-+-----------         	
17	Q9KPC4	Q9KPC4	Cytoplasmic	   BepiPred-3.0	0.15	0.22	-	TEWVDGEGNVEERSEKSDL	416	435	N	0	-	19	2.18	4.00	-1.48	0.60
				          Emini	1.00	1.75	0.47	........EEEEEEEEE..         	
				       Kolaskar	1.03	0.96	0.11	EE.................         	
				    Chou Fosman	0.95	1.04	0.74	...EEEEEEEE..EEEEEE         	
				 Karplus Schulz	0.99	1.06	0.84	...EEEEEEEEEEEEEEEE         	
				         Parker	1.48	3.98	0.84	...EEEEEEEEEEEEEEEE         	
				    All matches	-	-	0.00	...................         	
				         N-Glyc	-	-	0.00	...................         	
				     Hydropathy	-	-1.48	-	---+-----+--------+         	
18	Q9KNE5	Q9KNE5	CytoplasmicMembrane	   BepiPred-3.0	0.15	0.22	-	ESHHLASEGHSPSGNYAL	336	354	N	0	-	18	1.89	5.74	-0.88	0.54
				          Emini	1.00	0.88	0.33	E.......EE.EEE....         	
				       Kolaskar	1.03	1.02	0.39	.EEEEEE.......E...         	
				    Chou Fosman	0.96	1.09	0.78	...EEEEEEEEEEEEEE.         	
				 Karplus Schulz	1.00	1.01	0.50	......EEEEEEEEE...         	
				         Parker	1.36	2.79	0.72	E..EEEEEEEEEEEE...         	
				    All matches	-	-	0.00	..................         	
				         N-Glyc	-	-	0.00	..................         	
				     Hydropathy	-	-0.88	-	----++----------++         	
19	Q84I33	Q84I33	CytoplasmicMembrane	   BepiPred-3.0	0.15	0.22	-	FKENKNKVETIIKTSEE	1	18	N	0	-	17	2.04	6.29	-1.34	0.52
				          Emini	1.00	2.05	0.59	.EEEEEE......EEEE         	
				       Kolaskar	1.03	0.85	0.12	.........EE......         	
				    Chou Fosman	0.95	0.82	0.41	..EEEEE........EE         	
				 Karplus Schulz	0.99	0.93	0.76	..EEEEEEE..EEEEEE         	
				         Parker	1.22	2.85	0.71	..EEEEEE...EEEEEE         	
				    All matches	-	-	0.00	.................         	
				         N-Glyc	-	-	0.00	.................         	
				     Hydropathy	-	-1.34	-	+------+--++-----         	
20	Q84I33	Q84I33	CytoplasmicMembrane	   BepiPred-3.0	0.15	0.18	-	VKPELPVEELEP	225	237	N	0	-	12	1.38	4.09	-0.56	0.52
				          Emini	1.00	1.05	0.58	..EE.E.EEEE.         	
				       Kolaskar	1.03	1.06	0.75	EEEEEEEEE...         	
				    Chou Fosman	0.95	0.87	0.00	............         	
				 Karplus Schulz	0.99	1.01	0.75	.EEEE..EEEEE         	
				         Parker	1.22	1.06	0.50	....EE..EEEE         	
				    All matches	-	-	0.00	............         	
				         N-Glyc	-	-	0.00	............         	
				     Hydropathy	-	-0.56	-	+---+-+--+--         	
21	Q9KKJ5	Q9KKJ5	CytoplasmicMembrane	   BepiPred-3.0	0.15	0.21	-	FQGVTAIGWACANM	8	22	N	0	-	14	1.47	5.52	0.85	0.26
				          Emini	1.00	0.31	0.00	..............         	
				       Kolaskar	1.06	1.04	0.29	E.EE....E.....         	
				    Chou Fosman	0.93	0.92	0.50	EE..EE...EE..E         	
				 Karplus Schulz	0.99	0.94	0.07	..E...........         	
				         Parker	0.67	0.60	0.43	EEE.E.......EE         	
				    All matches	-	-	0.00	..............         	
				         N-Glyc	-	-	0.00	..............         	
				     Hydropathy	-	0.85	-	+--+-++--+++-+         	
